[
  {
    "id": "0d71a476-a591-457f-aea9-b61dc14b0542",
    "data": [
      {
        "text": "You can prevent Dengue by eating garlic or drinking papaya leaf juice.",
        "userDefined": false
      }
    ],
    "isTemplate": false,
    "count": 0,
    "lang": "en",
    "updated": 0
  },
  {
    "id": "1b2b72f9-9035-484d-9090-7e4d80e49be4",
    "data": [
      {
        "text": "I\u0027m traveling to a Dengue-prone area. Any advice?",
        "userDefined": false
      }
    ],
    "isTemplate": false,
    "count": 0,
    "lang": "en",
    "updated": 0
  },
  {
    "id": "80c4e9fc-9d80-4dca-bf18-06b860c30625",
    "data": [
      {
        "text": "I heard that eating garlic prevents Dengue. Is it true?",
        "userDefined": false
      }
    ],
    "isTemplate": false,
    "count": 0,
    "lang": "en",
    "updated": 0
  }
]