[
  {
    "id": "3323b768-a31a-48c8-81b0-edcd990b8000",
    "data": [
      {
        "text": "what is dengue diagnosis ?",
        "userDefined": false
      }
    ],
    "isTemplate": false,
    "count": 0,
    "lang": "en",
    "updated": 0
  },
  {
    "id": "4ceaa3a2-0906-43e7-a377-a732e4ba725b",
    "data": [
      {
        "text": "How is Dengue diagnosed?",
        "userDefined": false
      }
    ],
    "isTemplate": false,
    "count": 0,
    "lang": "en",
    "updated": 0
  },
  {
    "id": "e9dd0c59-6fbb-4337-96b2-bbc1c79da51a",
    "data": [
      {
        "text": "How is Dengue transmitted?",
        "userDefined": false
      }
    ],
    "isTemplate": false,
    "count": 0,
    "lang": "en",
    "updated": 0
  }
]