[
  {
    "id": "bcc5c074-044a-4b38-b3c3-5dde1170ce4f",
    "data": [
      {
        "text": "What are the Dengue statistics in my region?",
        "userDefined": false
      }
    ],
    "isTemplate": false,
    "count": 0,
    "lang": "en",
    "updated": 0
  },
  {
    "id": "017ad37d-d1ff-4e99-b749-989f2cc26cdf",
    "data": [
      {
        "text": "Is there a Dengue outbreak in my area?",
        "userDefined": false
      }
    ],
    "isTemplate": false,
    "count": 0,
    "lang": "en",
    "updated": 0
  }
]