[
  {
    "id": "dc2536ef-1066-477f-a2cd-add4c542771e",
    "data": [
      {
        "text": "how to be safe from dengue",
        "userDefined": false
      }
    ],
    "isTemplate": false,
    "count": 0,
    "lang": "en",
    "updated": 0
  },
  {
    "id": "6c83fe75-b9cf-4dca-b730-925f6eb72038",
    "data": [
      {
        "text": "How to avoid dengue",
        "userDefined": false
      }
    ],
    "isTemplate": false,
    "count": 0,
    "lang": "en",
    "updated": 0
  },
  {
    "id": "a5b49ca4-9621-4497-b8ee-9cba398cbd20",
    "data": [
      {
        "text": "How can I prevent Dengue?",
        "userDefined": false
      }
    ],
    "isTemplate": false,
    "count": 0,
    "lang": "en",
    "updated": 0
  }
]