[
  {
    "id": "f9d84239-0950-4014-b0ce-63b9ae4c66ae",
    "data": [
      {
        "text": "I think I am affected by dengue",
        "userDefined": false
      }
    ],
    "isTemplate": false,
    "count": 0,
    "lang": "en",
    "updated": 0
  },
  {
    "id": "542ff640-730f-4e25-919f-c2650233b890",
    "data": [
      {
        "text": "symptoms of dengue",
        "userDefined": false
      }
    ],
    "isTemplate": false,
    "count": 0,
    "lang": "en",
    "updated": 0
  },
  {
    "id": "3b123bed-a54c-41aa-b3e8-f70e44e9f378",
    "data": [
      {
        "text": "dengue symptoms",
        "userDefined": false
      }
    ],
    "isTemplate": false,
    "count": 0,
    "lang": "en",
    "updated": 0
  },
  {
    "id": "4c7c03ce-b3f7-4a8a-a9e5-3cb7a81992b7",
    "data": [
      {
        "text": "What are the common symptoms of Dengue?",
        "userDefined": false
      }
    ],
    "isTemplate": false,
    "count": 0,
    "lang": "en",
    "updated": 0
  },
  {
    "id": "32aeaa17-30be-46a3-94df-d399170d2fdb",
    "data": [
      {
        "text": "can you help me with giving dengue symptoms?",
        "userDefined": false
      }
    ],
    "isTemplate": false,
    "count": 0,
    "lang": "en",
    "updated": 0
  }
]